repo_id,repository,community,downloads,releases,assets,commits,open_issues,closed_issues,total_issues,open_prs,closed_prs,total_prs,readme_issues,readme_commits
0,CyC2018/CS-Notes,245.0,0.0,0.0,0.0,3776.0,103.0,436.0,539.0,53.0,523.0,576.0,0.0,658.0
1,Snailclimb/JavaGuide,362.0,0.0,0.0,0.0,3927.0,66.0,686.0,752.0,2.0,838.0,840.0,1.0,885.0
2,iluwatar/java-design-patterns,327.0,0.0,0.0,0.0,3202.0,220.0,474.0,694.0,47.0,1196.0,1243.0,16.0,503.0
3,MisterBooo/LeetCodeAnimation,21.0,0.0,0.0,0.0,246.0,12.0,42.0,54.0,0.0,73.0,73.0,0.0,72.0
4,doocs/advanced-java,36.0,0.0,1.0,0.0,619.0,3.0,123.0,126.0,0.0,100.0,100.0,8.0,179.0
5,spring-projects/spring-boot,1123.0,0.0,30.0,0.0,36637.0,543.0,24193.0,24736.0,29.0,5088.0,5117.0,17.0,96.0
6,elastic/elasticsearch,1906.0,0.0,30.0,0.0,63291.0,3361.0,25971.0,29332.0,457.0,54775.0,55232.0,0.0,9.0
7,kdn251/interviews,43.0,0.0,0.0,0.0,445.0,29.0,18.0,47.0,73.0,74.0,147.0,0.0,99.0
8,macrozheng/mall,2.0,0.0,1.0,0.0,771.0,21.0,396.0,417.0,4.0,84.0,88.0,0.0,162.0
9,ReactiveX/RxJava,328.0,0.0,30.0,0.0,5967.0,10.0,3069.0,3079.0,1.0,3672.0,3673.0,1.0,107.0
10,google/guava,426.0,1250.0,30.0,4.0,5763.0,646.0,2688.0,3334.0,94.0,1184.0,1278.0,2.0,82.0
11,TheAlgorithms/Java,391.0,0.0,0.0,0.0,1568.0,7.0,605.0,612.0,14.0,2279.0,2293.0,2.0,52.0
12,airbnb/lottie-android,122.0,911.0,30.0,5.0,1415.0,15.0,1387.0,1402.0,1.0,604.0,605.0,6.0,116.0
13,Blankj/AndroidUtilCode,46.0,3647.0,30.0,30.0,1404.0,155.0,1248.0,1403.0,4.0,187.0,191.0,0.0,286.0
14,NationalSecurityAgency/ghidra,204.0,276469.0,19.0,19.0,6415.0,1129.0,1867.0,2996.0,172.0,614.0,786.0,1.0,25.0
15,geekxh/hello-algorithm,15.0,0.0,0.0,0.0,393.0,4.0,32.0,36.0,0.0,29.0,29.0,0.0,138.0
16,zxing/zxing,161.0,446787.0,27.0,17.0,3645.0,6.0,1138.0,1144.0,2.0,321.0,323.0,0.0,47.0
17,eugenp/tutorials,1167.0,0.0,0.0,0.0,24032.0,32.0,533.0,565.0,35.0,11102.0,11137.0,0.0,44.0
18,netty/netty,705.0,0.0,0.0,0.0,10754.0,464.0,5280.0,5744.0,19.0,6255.0,6274.0,3.0,25.0
19,skylot/jadx,86.0,597741.0,18.0,36.0,1683.0,203.0,828.0,1031.0,1.0,360.0,361.0,20.0,70.0
20,alibaba/arthas,168.0,16743.0,30.0,145.0,1716.0,172.0,1292.0,1464.0,46.0,562.0,608.0,3.0,142.0
21,ityouknow/spring-boot-examples,8.0,0.0,0.0,0.0,173.0,8.0,97.0,105.0,3.0,40.0,43.0,0.0,110.0
22,crossoverJie/JCSprout,30.0,0.0,0.0,0.0,709.0,30.0,59.0,89.0,10.0,99.0,109.0,2.0,168.0
23,apolloconfig/apollo,139.0,74023.0,30.0,113.0,2657.0,115.0,2611.0,2726.0,6.0,1354.0,1360.0,0.0,262.0
24,JakeWharton/butterknife,114.0,0.0,0.0,0.0,1016.0,95.0,1074.0,1169.0,18.0,471.0,489.0,1.0,73.0
25,proxyee-down-org/proxyee-down,14.0,1058299.0,30.0,59.0,474.0,0.0,0.0,0.0,1.0,31.0,32.0,0.0,82.0
26,alibaba/druid,222.0,0.0,30.0,0.0,6513.0,2156.0,1323.0,3479.0,146.0,1046.0,1192.0,0.0,8.0
27,xkcoding/spring-boot-demo,12.0,0.0,0.0,0.0,733.0,68.0,71.0,139.0,25.0,42.0,67.0,0.0,133.0
28,alibaba/fastjson,217.0,0.0,30.0,0.0,3939.0,1661.0,1571.0,3232.0,135.0,648.0,783.0,0.0,96.0
29,greenrobot/EventBus,31.0,697.0,7.0,2.0,549.0,104.0,457.0,561.0,40.0,85.0,125.0,0.0,102.0
30,dbeaver/dbeaver,256.0,4859.0,30.0,286.0,22261.0,1446.0,10763.0,12209.0,11.0,2648.0,2659.0,6.0,96.0
31,scwang90/SmartRefreshLayout,8.0,0.0,10.0,0.0,1092.0,220.0,1191.0,1411.0,3.0,20.0,23.0,0.0,298.0
32,qiurunze123/miaosha,12.0,0.0,0.0,0.0,225.0,29.0,38.0,67.0,0.0,58.0,58.0,0.0,115.0
33,lenve/vhr,2.0,0.0,0.0,0.0,157.0,146.0,91.0,237.0,40.0,20.0,60.0,0.0,71.0
34,CymChad/BaseRecyclerViewAdapterHelper,54.0,0.0,30.0,0.0,1210.0,443.0,2879.0,3322.0,15.0,260.0,275.0,0.0,39.0
35,SeleniumHQ/selenium,783.0,54474.0,30.0,209.0,27984.0,101.0,7856.0,7957.0,10.0,2349.0,2359.0,3.0,92.0
36,Netflix/Hystrix,150.0,0.0,30.0,0.0,2109.0,341.0,678.0,1019.0,50.0,749.0,799.0,0.0,32.0
37,alibaba/easyexcel,46.0,0.0,1.0,0.0,767.0,108.0,1982.0,2090.0,21.0,217.0,238.0,0.0,94.0
38,hollischuang/toBeTopJavaer,44.0,0.0,0.0,0.0,265.0,33.0,61.0,94.0,1.0,69.0,70.0,0.0,47.0
39,signalapp/Signal-Android,308.0,0.0,0.0,0.0,9246.0,372.0,9056.0,9428.0,59.0,2460.0,2519.0,3.0,40.0
40,alibaba/canal,185.0,141916.0,22.0,58.0,1464.0,840.0,2680.0,3520.0,59.0,479.0,538.0,1.0,48.0
41,seata/seata,255.0,71532.0,30.0,60.0,1427.0,552.0,1971.0,2523.0,91.0,1813.0,1904.0,756.0,75.0
42,dromara/hutool,238.0,0.0,30.0,0.0,3312.0,3.0,1639.0,1642.0,1.0,506.0,507.0,0.0,164.0
43,alibaba/spring-cloud-alibaba,152.0,0.0,27.0,0.0,2055.0,360.0,1294.0,1654.0,18.0,756.0,774.0,1.0,50.0
44,apache/kafka,1101.0,0.0,0.0,0.0,9797.0,0.0,0.0,0.0,936.0,10923.0,11859.0,0.0,92.0
45,alibaba/nacos,277.0,516680.0,30.0,60.0,3952.0,646.0,4715.0,5361.0,44.0,2392.0,2436.0,35.0,67.0
46,halo-dev/halo,91.0,33294.0,30.0,30.0,2099.0,77.0,1003.0,1080.0,3.0,592.0,595.0,0.0,141.0
47,google/gson,133.0,0.0,3.0,0.0,1645.0,481.0,967.0,1448.0,154.0,450.0,604.0,1.0,42.0
48,xuxueli/xxl-job,82.0,0.0,30.0,0.0,1694.0,802.0,1635.0,2437.0,88.0,265.0,353.0,0.0,342.0
49,ReactiveX/RxAndroid,86.0,0.0,18.0,0.0,518.0,1.0,340.0,341.0,0.0,230.0,230.0,2.0,63.0
50,libgdx/libgdx,673.0,24479.0,8.0,3.0,14898.0,169.0,3283.0,3452.0,68.0,3214.0,3282.0,2.0,67.0
51,DrKLO/Telegram,19.0,0.0,30.0,0.0,439.0,0.0,0.0,0.0,211.0,310.0,521.0,0.0,10.0
52,google/ExoPlayer,295.0,0.0,17.0,0.0,12924.0,534.0,8372.0,8906.0,26.0,1051.0,1077.0,12.0,56.0
53,didi/DoraemonKit,156.0,0.0,7.0,0.0,2167.0,146.0,461.0,607.0,17.0,368.0,385.0,0.0,208.0
54,apache/skywalking,447.0,2042.0,30.0,12.0,6944.0,50.0,4045.0,4095.0,0.0,3930.0,3930.0,0.0,442.0
55,square/picasso,133.0,0.0,7.0,0.0,1482.0,192.0,1356.0,1548.0,24.0,697.0,721.0,1.0,19.0
56,jenkinsci/jenkins,1039.0,854.0,30.0,128.0,32153.0,0.0,0.0,0.0,70.0,6192.0,6262.0,0.0,37.0
57,Baseflow/PhotoView,48.0,0.0,5.0,0.0,462.0,180.0,475.0,655.0,14.0,137.0,151.0,0.0,47.0
58,alibaba/Sentinel,163.0,250270.0,19.0,22.0,733.0,370.0,1363.0,1733.0,122.0,666.0,788.0,1.0,41.0
59,redisson/redisson,156.0,0.0,30.0,0.0,7150.0,247.0,3456.0,3703.0,27.0,428.0,455.0,0.0,462.0
60,bazelbuild/bazel,902.0,3257.0,30.0,900.0,32044.0,2280.0,7250.0,9530.0,185.0,4696.0,4881.0,3.0,48.0
61,apache/flink,1484.0,0.0,0.0,0.0,30217.0,0.0,0.0,0.0,816.0,18158.0,18974.0,0.0,67.0
62,CarGuo/GSYVideoPlayer,20.0,42636.0,30.0,30.0,1404.0,14.0,3281.0,3295.0,0.0,46.0,46.0,1.0,424.0
63,nostra13/Android-Universal-Image-Loader,42.0,0.0,0.0,0.0,1038.0,442.0,773.0,1215.0,5.0,147.0,152.0,0.0,217.0
64,elunez/eladmin,50.0,0.0,0.0,0.0,474.0,18.0,570.0,588.0,3.0,135.0,138.0,3.0,51.0
65,facebook/fresco,384.0,1332.0,30.0,10.0,3144.0,164.0,2058.0,2222.0,12.0,392.0,404.0,0.0,62.0
66,linlinjava/litemall,66.0,0.0,8.0,0.0,1151.0,24.0,312.0,336.0,3.0,160.0,163.0,0.0,68.0
67,oracle/graal,351.0,246679.0,30.0,83.0,63960.0,756.0,2113.0,2869.0,89.0,1310.0,1399.0,0.0,71.0
68,forezp/SpringCloudLearning,3.0,0.0,0.0,0.0,72.0,36.0,12.0,48.0,10.0,3.0,13.0,0.0,41.0
69,dianping/cat,124.0,0.0,0.0,0.0,7320.0,89.0,1054.0,1143.0,28.0,1002.0,1030.0,0.0,121.0
70,shuzheng/zheng,13.0,0.0,0.0,0.0,1241.0,34.0,62.0,96.0,36.0,85.0,121.0,0.0,293.0
71,brettwooldridge/HikariCP,124.0,0.0,0.0,0.0,2803.0,333.0,1210.0,1543.0,60.0,299.0,359.0,1.0,450.0
72,EnterpriseQualityCoding/FizzBuzzEnterpriseEdition,39.0,0.0,0.0,0.0,184.0,362.0,73.0,435.0,11.0,108.0,119.0,0.0,13.0
73,TeamNewPipe/NewPipe,883.0,5150984.0,30.0,30.0,9666.0,1021.0,5290.0,6311.0,33.0,1510.0,1543.0,4.0,125.0
74,winterbe/java8-tutorial,12.0,0.0,2.0,0.0,149.0,0.0,0.0,0.0,0.0,44.0,44.0,0.0,41.0
75,android10/Android-CleanArchitecture,12.0,0.0,2.0,0.0,248.0,127.0,122.0,249.0,16.0,41.0,57.0,0.0,20.0
76,openzipkin/zipkin,124.0,404.0,30.0,1.0,2688.0,162.0,1083.0,1245.0,16.0,2120.0,2136.0,4.0,85.0
77,apache/shardingsphere,467.0,0.0,2.0,0.0,32179.0,378.0,6065.0,6443.0,20.0,9344.0,9364.0,1.0,265.0
78,JeffLi1993/springboot-learning-example,7.0,0.0,2.0,0.0,167.0,12.0,63.0,75.0,37.0,20.0,57.0,0.0,82.0
79,hdodenhof/CircleImageView,15.0,0.0,2.0,0.0,159.0,13.0,351.0,364.0,2.0,55.0,57.0,0.0,39.0
80,dyc87112/SpringBoot-Learning,3.0,0.0,2.0,0.0,495.0,34.0,13.0,47.0,29.0,3.0,32.0,0.0,166.0
81,lgvalle/Material-Animations,10.0,0.0,2.0,0.0,76.0,13.0,27.0,40.0,5.0,19.0,24.0,0.0,21.0
82,alibaba/ARouter,26.0,0.0,2.0,0.0,300.0,68.0,771.0,839.0,9.0,136.0,145.0,0.0,71.0
83,Tencent/QMUI_Android,21.0,0.0,2.0,0.0,942.0,400.0,694.0,1094.0,2.0,37.0,39.0,0.0,12.0
84,material-components/material-components-android,204.0,7865.0,30.0,28.0,4414.0,433.0,1736.0,2169.0,41.0,343.0,384.0,1.0,24.0
85,orhanobut/logger,15.0,295.0,16.0,1.0,146.0,62.0,134.0,196.0,11.0,51.0,62.0,0.0,51.0
86,Anuken/Mindustry,475.0,66801.0,30.0,60.0,12934.0,1.0,2906.0,2907.0,140.0,3454.0,3594.0,2.0,78.0
87,medcl/elasticsearch-analysis-ik,39.0,123547.0,30.0,30.0,258.0,319.0,513.0,832.0,15.0,83.0,98.0,6.0,83.0
88,Bigkoo/Android-PickerView,23.0,0.0,2.0,0.0,490.0,399.0,528.0,927.0,19.0,58.0,77.0,0.0,159.0
89,iBotPeaches/Apktool,102.0,332782.0,15.0,14.0,1860.0,74.0,2328.0,2402.0,5.0,319.0,324.0,0.0,30.0
90,prestodb/presto,683.0,0.0,2.0,0.0,19669.0,919.0,3971.0,4890.0,259.0,12200.0,12459.0,0.0,37.0
91,YunaiV/SpringBoot-Labs,5.0,0.0,2.0,0.0,674.0,21.0,15.0,36.0,6.0,11.0,17.0,0.0,157.0
92,android-hacker/VirtualXposed,58.0,4075485.0,30.0,52.0,1648.0,94.0,903.0,997.0,4.0,64.0,68.0,0.0,58.0
93,eclipse-vertx/vert.x,229.0,0.0,2.0,0.0,5270.0,176.0,2161.0,2337.0,67.0,1890.0,1957.0,0.0,20.0
94,Tencent/APIJSON,49.0,240.0,30.0,11.0,2669.0,132.0,154.0,286.0,8.0,74.0,82.0,1.0,1023.0
95,justauth/JustAuth,34.0,71.0,30.0,14.0,690.0,21.0,52.0,73.0,0.0,63.0,63.0,0.0,197.0
96,greenrobot/greenDAO,11.0,0.0,8.0,0.0,883.0,194.0,769.0,963.0,46.0,81.0,127.0,1.0,73.0
97,mockito/mockito,286.0,0.0,30.0,0.0,5726.0,301.0,1012.0,1313.0,9.0,1263.0,1272.0,2.0,106.0
98,facebook/stetho,58.0,57158.0,13.0,79.0,588.0,62.0,314.0,376.0,18.0,301.0,319.0,3.0,40.0
99,arduino/Arduino,317.0,41388.0,30.0,51.0,7371.0,775.0,9027.0,9802.0,106.0,1367.0,1473.0,1.0,19.0
100,devoncarew/tools,2.0,0.0,0.0,0.0,36.0,3.0,2.0,5.0,0.0,8.0,8.0,0.0,3.0
101,andreypetrov/CopdApp,1.0,0.0,0.0,0.0,2.0,0.0,0.0,0.0,0.0,24.0,24.0,0.0,1.0
102,maany/openmrs-module-oauth2,1.0,0.0,0.0,0.0,68.0,1.0,0.0,1.0,1.0,2.0,3.0,0.0,1.0
103,thomasdarimont/spring-boot-jee-web-example,2.0,0.0,0.0,0.0,3.0,0.0,0.0,0.0,0.0,0.0,0.0,0.0,2.0
104,NarenPamza/Merchant-Guide-to-Galaxy,1.0,0.0,0.0,0.0,4.0,0.0,0.0,0.0,0.0,0.0,0.0,0.0,3.0
105,macalinao/IEEE754Converter,1.0,0.0,0.0,0.0,23.0,0.0,0.0,0.0,0.0,0.0,0.0,0.0,6.0
106,abujabal/Freebase-to-Neo4j,2.0,0.0,0.0,0.0,24.0,0.0,0.0,0.0,0.0,0.0,0.0,0.0,10.0
107,chenliguan/HuanKLaundry,1.0,0.0,0.0,0.0,25.0,0.0,0.0,0.0,0.0,0.0,0.0,0.0,0.0
108,alexanderlz/jenkins-pagerduty-plugin,17.0,35.0,5.0,5.0,171.0,6.0,22.0,28.0,1.0,29.0,30.0,0.0,9.0
109,paulrademacher/lenny,1.0,0.0,0.0,0.0,26.0,0.0,1.0,1.0,0.0,0.0,0.0,0.0,15.0
110,dhatim/dropwizard-metrics-elasticsearch,4.0,0.0,3.0,0.0,65.0,1.0,1.0,2.0,0.0,7.0,7.0,0.0,11.0
111,sreejesh79/android-socket.io-demo,2.0,0.0,0.0,0.0,5.0,0.0,0.0,0.0,0.0,0.0,0.0,0.0,3.0
112,mapleqin/Android-ParallaxRefresh,2.0,0.0,0.0,0.0,11.0,0.0,0.0,0.0,1.0,0.0,1.0,0.0,7.0
113,loopeer/CoordinateLayoutDemo,2.0,0.0,0.0,0.0,4.0,0.0,0.0,0.0,0.0,0.0,0.0,0.0,2.0
114,Testudinate/Java-SE,1.0,0.0,0.0,0.0,47.0,0.0,0.0,0.0,0.0,0.0,0.0,0.0,11.0
115,topobyte/osm4j-core,2.0,0.0,0.0,0.0,66.0,0.0,2.0,2.0,0.0,1.0,1.0,0.0,4.0
116,D2KLab/sentinel,5.0,0.0,0.0,0.0,98.0,2.0,0.0,2.0,0.0,1.0,1.0,0.0,18.0
117,tomrozb/dagger-testing,1.0,0.0,0.0,0.0,6.0,1.0,0.0,1.0,0.0,0.0,0.0,0.0,0.0
118,myfear/WildFlySwarmDockerSample,4.0,0.0,0.0,0.0,11.0,1.0,0.0,1.0,0.0,3.0,3.0,0.0,1.0
119,roxrook/rectangle-grid-layout,1.0,0.0,0.0,0.0,4.0,0.0,0.0,0.0,1.0,0.0,1.0,0.0,4.0
120,david-oswald/jc_curve25519,4.0,0.0,0.0,0.0,15.0,1.0,3.0,4.0,0.0,3.0,3.0,0.0,6.0
121,amatkivskiy/MaterialDrawer-Xamarin,2.0,37.0,4.0,8.0,43.0,0.0,8.0,8.0,0.0,2.0,2.0,0.0,8.0
122,burakdede/hoodie,1.0,0.0,0.0,0.0,87.0,0.0,0.0,0.0,0.0,0.0,0.0,0.0,25.0
123,induwarabas/simple-event-loop,1.0,0.0,0.0,0.0,14.0,0.0,0.0,0.0,1.0,0.0,1.0,0.0,5.0
124,RockySteveJobs/TaskManager,1.0,0.0,0.0,0.0,10.0,0.0,0.0,0.0,0.0,0.0,0.0,0.0,9.0
125,anhtuan98/uitanpr2,2.0,0.0,0.0,0.0,3.0,9.0,0.0,9.0,0.0,0.0,0.0,0.0,1.0
126,lzwjava/WeShare,1.0,0.0,0.0,0.0,8.0,0.0,0.0,0.0,0.0,0.0,0.0,0.0,6.0
127,JuneLeGency/TinderCardDemo,2.0,0.0,0.0,0.0,5.0,0.0,1.0,1.0,0.0,1.0,1.0,0.0,2.0
128,schordas/SchematicPlanets,2.0,0.0,0.0,0.0,6.0,0.0,0.0,0.0,0.0,0.0,0.0,0.0,1.0
129,keesun/amugona,1.0,0.0,0.0,0.0,8.0,1.0,3.0,4.0,2.0,0.0,2.0,0.0,0.0
130,remobile/react-native-camera,1.0,0.0,0.0,0.0,25.0,0.0,0.0,0.0,0.0,0.0,0.0,0.0,6.0
131,petablox/petablox,29.0,234.0,1.0,1.0,303.0,16.0,8.0,24.0,0.0,6.0,6.0,0.0,13.0
132,mandmLeee/GetApk,2.0,0.0,0.0,0.0,3.0,1.0,0.0,1.0,0.0,0.0,0.0,0.0,2.0
133,popeen/Booksonic-LegacyServer,6.0,4788.0,6.0,13.0,92.0,0.0,0.0,0.0,0.0,0.0,0.0,0.0,6.0
134,amapapi/LocationService,2.0,0.0,0.0,0.0,24.0,0.0,0.0,0.0,0.0,0.0,0.0,0.0,12.0
135,jzj1993/ObservableScrollView,1.0,0.0,0.0,0.0,4.0,0.0,0.0,0.0,0.0,0.0,0.0,0.0,3.0
136,McoyJiang/McoySnap,1.0,0.0,2.0,0.0,17.0,2.0,0.0,2.0,0.0,0.0,0.0,0.0,12.0
137,youaremoon/easy-trace,1.0,0.0,0.0,0.0,15.0,1.0,0.0,1.0,0.0,0.0,0.0,0.0,5.0
138,DanielMichalski/spring-web-rss-channels,7.0,0.0,0.0,0.0,168.0,0.0,0.0,0.0,0.0,0.0,0.0,0.0,24.0
139,inovex/tango-ar-navigation-example,2.0,0.0,0.0,0.0,7.0,0.0,0.0,0.0,0.0,0.0,0.0,0.0,4.0
140,JackFish/jfinal-weixin,4.0,0.0,0.0,0.0,267.0,0.0,0.0,0.0,0.0,0.0,0.0,0.0,17.0
141,lucasferreira/react-native-simpledialog-android,4.0,0.0,0.0,0.0,22.0,0.0,0.0,0.0,0.0,0.0,0.0,0.0,9.0
142,codeclou/kitchen-duty-plugin-for-atlassian-jira,2.0,0.0,5.0,0.0,57.0,0.0,7.0,7.0,0.0,2.0,2.0,0.0,14.0
143,ChintanRathod/HintSpinnerAdapter,3.0,0.0,0.0,0.0,7.0,0.0,0.0,0.0,0.0,0.0,0.0,0.0,4.0
144,nlpie/biomedicus,5.0,177.0,7.0,14.0,333.0,0.0,0.0,0.0,0.0,0.0,0.0,0.0,23.0
145,substratum/interfacer,11.0,0.0,0.0,0.0,85.0,0.0,2.0,2.0,0.0,10.0,10.0,0.0,5.0
146,spincast/spincast-framework,2.0,0.0,0.0,0.0,271.0,0.0,2.0,2.0,0.0,0.0,0.0,0.0,4.0
147,JackCho/AndroidShareLibary,3.0,0.0,0.0,0.0,3.0,1.0,0.0,1.0,0.0,1.0,1.0,0.0,0.0
148,satya164/react-native-in-app-purchase,5.0,0.0,0.0,0.0,37.0,2.0,1.0,3.0,0.0,0.0,0.0,0.0,1.0
149,yhsj0919/YHUtils,2.0,0.0,0.0,0.0,51.0,0.0,0.0,0.0,0.0,0.0,0.0,0.0,3.0
150,captain-miao/Android_M_requestPermissions,1.0,0.0,0.0,0.0,27.0,0.0,0.0,0.0,0.0,0.0,0.0,0.0,14.0
151,dpreussler/mockitoid,2.0,0.0,0.0,0.0,17.0,0.0,0.0,0.0,0.0,4.0,4.0,0.0,9.0
152,anastr/SimpleTargetView,1.0,0.0,0.0,0.0,25.0,0.0,0.0,0.0,0.0,0.0,0.0,0.0,16.0
153,humblerookie/centerlockrecyclerview,1.0,0.0,0.0,0.0,14.0,0.0,1.0,1.0,0.0,0.0,0.0,0.0,7.0
154,kamikat/toast-compat,1.0,0.0,0.0,0.0,17.0,1.0,4.0,5.0,0.0,0.0,0.0,0.0,7.0
155,goodbranch/ContentResolverDemo,2.0,0.0,0.0,0.0,4.0,1.0,0.0,1.0,0.0,0.0,0.0,0.0,2.0
156,Sherchen/WaveHeartRate,3.0,0.0,0.0,0.0,9.0,0.0,0.0,0.0,0.0,0.0,0.0,0.0,1.0
157,xiprox/Hummingbird-for-Android,2.0,442.0,1.0,1.0,181.0,0.0,0.0,0.0,0.0,0.0,0.0,0.0,2.0
158,ZapBlasterson/crushpaper,1.0,83.0,4.0,5.0,137.0,0.0,0.0,0.0,0.0,0.0,0.0,0.0,4.0
159,bonnyfone/vectalign-samples,2.0,0.0,0.0,0.0,5.0,0.0,1.0,1.0,0.0,1.0,1.0,0.0,2.0
160,7heaven/PullRefresh,2.0,0.0,0.0,0.0,8.0,0.0,0.0,0.0,0.0,0.0,0.0,0.0,2.0
161,yanzi1225627/FragmentProject_QQ,1.0,0.0,0.0,0.0,1.0,0.0,0.0,0.0,0.0,0.0,0.0,0.0,1.0
162,cnzx219/QingTingCheat,1.0,0.0,0.0,0.0,1.0,0.0,0.0,0.0,0.0,0.0,0.0,0.0,0.0
163,SysdataSpA/FancyAccordionView,6.0,0.0,0.0,0.0,18.0,0.0,0.0,0.0,0.0,0.0,0.0,0.0,6.0
164,googlearchive/android-codelab-watchface,2.0,0.0,0.0,0.0,2.0,0.0,0.0,0.0,0.0,0.0,0.0,0.0,2.0
165,FUB-HCC/neonion,26.0,0.0,0.0,0.0,842.0,3.0,3.0,6.0,0.0,97.0,97.0,0.0,33.0
166,jjhappyforever/TouTiaoTabBar,1.0,0.0,0.0,0.0,11.0,1.0,0.0,1.0,0.0,0.0,0.0,0.0,5.0
167,igeek-YZ/HFRecycleView,2.0,0.0,0.0,0.0,31.0,2.0,0.0,2.0,0.0,0.0,0.0,0.0,11.0
168,achenglike/Gallery,1.0,0.0,0.0,0.0,9.0,0.0,0.0,0.0,1.0,0.0,1.0,0.0,5.0
169,PrashamTrivedi/AndroidExternalFileWriter,3.0,0.0,3.0,0.0,51.0,0.0,0.0,0.0,0.0,0.0,0.0,0.0,8.0
170,murki/chaining-rxjava,2.0,0.0,0.0,0.0,26.0,0.0,1.0,1.0,0.0,0.0,0.0,0.0,6.0
171,wlj32011/AndroidArchitecture,2.0,0.0,0.0,0.0,6.0,1.0,0.0,1.0,0.0,0.0,0.0,0.0,2.0
172,chalup/microorm,7.0,0.0,0.0,0.0,123.0,4.0,5.0,9.0,1.0,8.0,9.0,0.0,16.0
173,klinker24/wedding-app,1.0,0.0,0.0,0.0,17.0,0.0,0.0,0.0,0.0,0.0,0.0,0.0,7.0
174,songnick/CircleBar,3.0,0.0,0.0,0.0,42.0,1.0,0.0,1.0,0.0,0.0,0.0,0.0,14.0
175,gamesbyangelina/spritely,3.0,0.0,0.0,0.0,10.0,0.0,0.0,0.0,0.0,0.0,0.0,0.0,6.0
176,Jefferson-Henrique/GetOldTweets-java,2.0,0.0,3.0,0.0,39.0,0.0,0.0,0.0,0.0,0.0,0.0,0.0,16.0
177,vabhishek/WrapContentViewPagerDemo,1.0,0.0,0.0,0.0,1.0,2.0,1.0,3.0,2.0,0.0,2.0,0.0,0.0
178,zhongbaitu/WaveLoadingView,1.0,0.0,1.0,0.0,6.0,1.0,3.0,4.0,0.0,0.0,0.0,0.0,4.0
179,Hotel-Reservation-Service/FillTheForm,4.0,0.0,3.0,0.0,28.0,4.0,11.0,15.0,0.0,11.0,11.0,0.0,9.0
180,scottyab/ssl-pin-generator,2.0,1097.0,2.0,2.0,13.0,0.0,0.0,0.0,0.0,0.0,0.0,0.0,7.0
181,Harlber/Moose,9.0,137.0,5.0,5.0,420.0,0.0,36.0,36.0,0.0,23.0,23.0,0.0,26.0
182,pudongqi/DesignPatternProject,3.0,0.0,0.0,0.0,37.0,0.0,0.0,0.0,0.0,0.0,0.0,0.0,17.0
183,xeodou/react-native-player,2.0,0.0,0.0,0.0,32.0,4.0,2.0,6.0,0.0,5.0,5.0,0.0,6.0
184,lukaspili/Auto-Mortar,1.0,0.0,0.0,0.0,36.0,1.0,1.0,2.0,0.0,0.0,0.0,0.0,19.0
185,xautlx/nutch-ajax,1.0,0.0,0.0,0.0,50.0,1.0,3.0,4.0,0.0,1.0,1.0,0.0,7.0
186,derosa/MultiImageChooser,1.0,0.0,0.0,0.0,21.0,1.0,2.0,3.0,0.0,0.0,0.0,0.0,1.0
187,kelinZhou/Banner,4.0,0.0,27.0,0.0,94.0,0.0,0.0,0.0,0.0,0.0,0.0,1.0,42.0
188,JayFang1993/DragImageView,2.0,0.0,1.0,0.0,14.0,0.0,0.0,0.0,0.0,0.0,0.0,0.0,8.0
189,shilad/wikibrain,23.0,0.0,0.0,0.0,2956.0,41.0,78.0,119.0,2.0,154.0,156.0,0.0,82.0
190,xuehuayous/WrapRecyclerView,3.0,0.0,0.0,0.0,26.0,1.0,1.0,2.0,0.0,0.0,0.0,0.0,8.0
191,kyze8439690/AndroidVoiceAnimation,1.0,927.0,1.0,1.0,5.0,1.0,0.0,1.0,0.0,0.0,0.0,0.0,3.0
192,intel/graphbuilder,3.0,0.0,0.0,0.0,13.0,0.0,0.0,0.0,0.0,0.0,0.0,0.0,8.0
193,Vanish136/FamilyChat,3.0,0.0,5.0,0.0,197.0,0.0,3.0,3.0,0.0,0.0,0.0,0.0,26.0
194,xuningjack/RequestPermission,2.0,0.0,0.0,0.0,3.0,0.0,0.0,0.0,0.0,0.0,0.0,0.0,1.0
195,yongjhih/mocker,1.0,0.0,0.0,0.0,61.0,0.0,0.0,0.0,0.0,0.0,0.0,0.0,28.0
196,TakeoffAndroid/IconColorChanger,1.0,0.0,0.0,0.0,15.0,2.0,0.0,2.0,0.0,0.0,0.0,0.0,9.0
197,ShaishavGandhi/LoginButtons,4.0,0.0,4.0,0.0,43.0,4.0,5.0,9.0,0.0,8.0,8.0,0.0,10.0
198,ppamorim/RecyclerRenderers,1.0,0.0,13.0,0.0,65.0,0.0,3.0,3.0,0.0,6.0,6.0,0.0,25.0
199,,0.0,0.0,,,0.0,0.0,0.0,0.0,0.0,0.0,0.0,0.0,0.0
