fullname_x,C0,C1,C2,C3,C4,C5,C6,C7,C8,number_of_stars,num_of_watchers,num_of_forks,repo_id,repository,community,downloads,releases,assets,commits,open_issues,closed_issues,total_issues,open_prs,closed_prs,total_prs,readme_issues,readme_commits,fullname_y,created_date,days,download_score,community_score,assets_score,releases_score,commits_score,avg_assets_release,Label
doocs/advanced-java,1,1,0,0,0,0,1,0,0,58861,58861,16126,4,doocs/advanced-java,36.0,0.0,1.0,0.0,619.0,3.0,123.0,126.0,0.0,100.0,100.0,8.0,179.0,doocs/advanced-java,2018-10-06 11:38:30,1280,0.0,0.028125,0.0,0.00078125,0.48359375,0.0,0
spring-projects/spring-boot,1,1,0,1,0,0,1,0,0,58480,58480,35068,5,spring-projects/spring-boot,1123.0,0.0,30.0,0.0,36637.0,543.0,24193.0,24736.0,29.0,5088.0,5117.0,17.0,96.0,spring-projects/spring-boot,2012-10-19 15:02:57,3458,0.0,0.3247541931752458,0.0,0.0086755349913244,10.594852515905147,0.0,0
elastic/elasticsearch,0,1,0,1,0,0,1,0,0,57480,57480,20910,6,elastic/elasticsearch,1906.0,0.0,30.0,0.0,63291.0,3361.0,25971.0,29332.0,457.0,54775.0,55232.0,0.0,9.0,elastic/elasticsearch,2010-02-08 13:20:56,4442,0.0,0.4290859972985142,0.0,0.0067537145429986,14.248311571364251,0.0,0
macrozheng/mall,1,1,0,0,0,1,1,0,0,54498,54498,23193,8,macrozheng/mall,2.0,0.0,1.0,0.0,771.0,21.0,396.0,417.0,4.0,84.0,88.0,0.0,162.0,macrozheng/mall,2018-04-04 01:11:44,1465,0.0,0.0013651877133105,0.0,0.0006825938566552,0.5262798634812287,0.0,1
ReactiveX/RxJava,0,1,0,1,1,1,1,0,0,45542,45542,7524,9,ReactiveX/RxJava,328.0,0.0,30.0,0.0,5967.0,10.0,3069.0,3079.0,1.0,3672.0,3673.0,1.0,107.0,ReactiveX/RxJava,2013-01-08 20:11:48,3377,0.0,0.0971276280722534,0.0,0.0088836245188036,1.7669529167900504,0.0,0
google/guava,0,1,0,1,1,0,1,0,0,43017,43017,9560,10,google/guava,426.0,1250.0,30.0,4.0,5763.0,646.0,2688.0,3334.0,94.0,1184.0,1278.0,2.0,82.0,google/guava,2014-05-29 16:23:17,2871,0.4353883664228491,0.148380355276907,0.0013932427725531,0.0104493207941483,2.007314524555904,0.1333333333333333,0
airbnb/lottie-android,1,1,0,1,0,0,1,1,0,32140,32140,5134,12,airbnb/lottie-android,122.0,911.0,30.0,5.0,1415.0,15.0,1387.0,1402.0,1.0,604.0,605.0,6.0,116.0,airbnb/lottie-android,2016-10-06 22:42:42,2010,0.4532338308457711,0.0606965174129353,0.0024875621890547,0.0149253731343283,0.7039800995024875,0.1666666666666666,0
Blankj/AndroidUtilCode,1,1,0,0,0,1,1,0,1,30162,30162,10045,13,Blankj/AndroidUtilCode,46.0,3647.0,30.0,30.0,1404.0,155.0,1248.0,1403.0,4.0,187.0,191.0,0.0,286.0,Blankj/AndroidUtilCode,2016-07-30 18:18:32,2078,1.7550529355149185,0.0221366698748796,0.0144369586140519,0.0144369586140519,0.6756496631376323,1.0,0
NationalSecurityAgency/ghidra,0,1,0,1,0,0,1,1,1,29904,29904,3889,14,NationalSecurityAgency/ghidra,204.0,276469.0,19.0,19.0,6415.0,1129.0,1867.0,2996.0,172.0,614.0,786.0,1.0,25.0,NationalSecurityAgency/ghidra,2019-03-01 03:27:48,1134,243.79982363315696,0.1798941798941798,0.0167548500881834,0.0167548500881834,5.656966490299824,1.0,0
zxing/zxing,1,1,0,1,1,1,1,0,0,28731,28731,9112,16,zxing/zxing,161.0,446787.0,27.0,17.0,3645.0,6.0,1138.0,1144.0,2.0,321.0,323.0,0.0,47.0,zxing/zxing,2011-10-12 14:07:27,3831,116.62411902897416,0.0420255807883059,0.0044374836857217,0.0070477682067345,0.951448707909162,0.6296296296296297,0
skylot/jadx,0,0,0,1,0,0,1,1,0,27974,27974,3453,19,skylot/jadx,86.0,597741.0,18.0,36.0,1683.0,203.0,828.0,1031.0,1.0,360.0,361.0,20.0,70.0,skylot/jadx,2013-03-18 17:08:21,3308,180.69558645707377,0.0259975816203143,0.0108827085852478,0.0054413542926239,0.5087666263603385,2.0,0
alibaba/arthas,0,1,0,1,0,1,1,0,0,27788,27788,6096,20,alibaba/arthas,168.0,16743.0,30.0,145.0,1716.0,172.0,1292.0,1464.0,46.0,562.0,608.0,3.0,142.0,alibaba/arthas,2018-08-29 17:15:57,1318,12.703338391502276,0.1274658573596358,0.1100151745068285,0.0227617602427921,1.3019726858877088,4.833333333333333,0
apolloconfig/apollo,1,1,0,1,1,1,1,0,1,25994,25994,9498,23,apolloconfig/apollo,139.0,74023.0,30.0,113.0,2657.0,115.0,2611.0,2726.0,6.0,1354.0,1360.0,0.0,262.0,apolloconfig/apollo,2016-03-04 10:24:23,2226,33.25381850853549,0.0624438454627133,0.0507637017070979,0.013477088948787,1.193620844564241,3.7666666666666666,0
proxyee-down-org/proxyee-down,1,1,0,0,1,0,1,0,0,25345,25345,4616,25,proxyee-down-org/proxyee-down,14.0,1058299.0,30.0,59.0,474.0,0.0,0.0,0.0,1.0,31.0,32.0,0.0,82.0,proxyee-down-org/proxyee-down,2017-10-25 10:07:27,1626,650.860393603936,0.008610086100861,0.0362853628536285,0.018450184501845,0.2915129151291513,1.9666666666666663,1
alibaba/druid,1,1,0,0,0,0,1,0,0,24871,24871,7947,26,alibaba/druid,222.0,0.0,30.0,0.0,6513.0,2156.0,1323.0,3479.0,146.0,1046.0,1192.0,0.0,8.0,alibaba/druid,2011-11-03 05:12:51,3809,0.0,0.0582830139144132,0.0,0.0078760829614071,1.7098976109215016,0.0,0
alibaba/fastjson,1,1,0,1,0,1,1,0,0,23969,23969,6350,28,alibaba/fastjson,217.0,0.0,30.0,0.0,3939.0,1661.0,1571.0,3232.0,135.0,648.0,783.0,0.0,96.0,alibaba/fastjson,2011-11-03 06:58:52,3809,0.0,0.0569703334208453,0.0,0.0078760829614071,1.0341296928327646,0.0,0
greenrobot/EventBus,0,1,0,1,0,1,1,0,0,23717,23717,4635,29,greenrobot/EventBus,31.0,697.0,7.0,2.0,549.0,104.0,457.0,561.0,40.0,85.0,125.0,0.0,102.0,greenrobot/EventBus,2012-07-16 16:55:40,3553,0.1961722488038277,0.008725021108922,0.0005629045876723,0.0019701660568533,0.1545173093160709,0.2857142857142857,1
dbeaver/dbeaver,0,1,0,1,0,1,1,1,0,23510,23510,2217,30,dbeaver/dbeaver,256.0,4859.0,30.0,286.0,22261.0,1446.0,10763.0,12209.0,11.0,2648.0,2659.0,6.0,96.0,dbeaver/dbeaver,2015-10-21 08:26:28,2361,2.058026260059297,0.1084286319356205,0.121135112240576,0.0127064803049555,9.4286319356205,9.533333333333331,0
scwang90/SmartRefreshLayout,1,0,0,1,0,1,0,0,0,23153,23153,4751,31,scwang90/SmartRefreshLayout,8.0,0.0,10.0,0.0,1092.0,220.0,1191.0,1411.0,3.0,20.0,23.0,0.0,298.0,scwang90/SmartRefreshLayout,2017-06-02 09:52:50,1771,0.0,0.0045172219085262,0.0,0.0056465273856578,0.616600790513834,0.0,1
CymChad/BaseRecyclerViewAdapterHelper,1,1,0,1,0,1,1,0,0,22486,22486,4782,34,CymChad/BaseRecyclerViewAdapterHelper,54.0,0.0,30.0,0.0,1210.0,443.0,2879.0,3322.0,15.0,260.0,275.0,0.0,39.0,CymChad/BaseRecyclerViewAdapterHelper,2016-04-10 07:40:11,2189,0.0,0.0246687985381452,0.0,0.0137048880767473,0.5527638190954773,0.0,0
SeleniumHQ/selenium,0,0,0,1,1,0,1,1,0,22270,22270,6666,35,SeleniumHQ/selenium,783.0,54474.0,30.0,209.0,27984.0,101.0,7856.0,7957.0,10.0,2349.0,2359.0,3.0,92.0,SeleniumHQ/selenium,2013-01-14 21:40:56,3371,16.159596558884605,0.232275289231682,0.061999406704242,0.0088994363690299,8.301394245031148,6.966666666666667,0
Netflix/Hystrix,1,1,0,1,1,1,1,0,0,22199,22199,4501,36,Netflix/Hystrix,150.0,0.0,30.0,0.0,2109.0,341.0,678.0,1019.0,50.0,749.0,799.0,0.0,32.0,Netflix/Hystrix,2012-11-19 20:14:46,3427,0.0,0.0437700612780857,0.0,0.0087540122556171,0.6154070615698862,0.0,0
alibaba/easyexcel,1,1,0,0,0,0,1,0,0,21994,21994,5827,37,alibaba/easyexcel,46.0,0.0,1.0,0.0,767.0,108.0,1982.0,2090.0,21.0,217.0,238.0,0.0,94.0,alibaba/easyexcel,2018-02-06 03:14:08,1522,0.0,0.0302233902759526,0.0,0.0006570302233902,0.5039421813403416,0.0,0
alibaba/canal,1,0,0,0,0,0,0,0,0,21338,21338,6352,40,alibaba/canal,185.0,141916.0,22.0,58.0,1464.0,840.0,2680.0,3520.0,59.0,479.0,538.0,1.0,48.0,alibaba/canal,2013-01-13 10:59:52,3372,42.08659549228944,0.0548635824436536,0.0172004744958481,0.0065243179122182,0.4341637010676156,2.636363636363636,0
seata/seata,0,1,0,1,0,1,1,1,1,21257,21257,7089,41,seata/seata,255.0,71532.0,30.0,60.0,1427.0,552.0,1971.0,2523.0,91.0,1813.0,1904.0,756.0,75.0,seata/seata,2018-12-28 08:37:22,1197,59.7593984962406,0.213032581453634,0.050125313283208,0.025062656641604,1.1921470342522975,2.0,0
dromara/hutool,1,1,0,1,1,1,1,0,0,21237,21237,6095,42,dromara/hutool,238.0,0.0,30.0,0.0,3312.0,3.0,1639.0,1642.0,1.0,506.0,507.0,0.0,164.0,dromara/hutool,2014-04-13 07:23:51,2917,0.0,0.0815906753513884,0.0,0.0102845389098388,1.1354130956462118,0.0,0
alibaba/spring-cloud-alibaba,0,1,0,1,1,1,1,0,0,20798,20798,6384,43,alibaba/spring-cloud-alibaba,152.0,0.0,27.0,0.0,2055.0,360.0,1294.0,1654.0,18.0,756.0,774.0,1.0,50.0,alibaba/spring-cloud-alibaba,2017-12-01 20:49:15,1589,0.0,0.0956576463184392,0.0,0.0169918187539332,1.2932662051604782,0.0,0
alibaba/nacos,1,1,0,1,0,1,1,1,0,20501,20501,8594,45,alibaba/nacos,277.0,516680.0,30.0,60.0,3952.0,646.0,4715.0,5361.0,44.0,2392.0,2436.0,35.0,67.0,alibaba/nacos,2018-06-15 06:49:27,1393,370.91170136396266,0.1988513998564249,0.0430725053840631,0.0215362526920315,2.8370423546302943,2.0,0
halo-dev/halo,1,1,0,1,0,0,1,0,0,20404,20404,6970,46,halo-dev/halo,91.0,33294.0,30.0,30.0,2099.0,77.0,1003.0,1080.0,3.0,592.0,595.0,0.0,141.0,halo-dev/halo,2018-03-21 12:56:52,1479,22.511156186612578,0.0615280594996619,0.0202839756592292,0.0202839756592292,1.4192021636240704,1.0,0
google/gson,0,1,0,1,0,1,1,0,0,20340,20340,3940,47,google/gson,133.0,0.0,3.0,0.0,1645.0,481.0,967.0,1448.0,154.0,450.0,604.0,1.0,42.0,google/gson,2015-03-19 18:21:20,2577,0.0,0.0516103996895615,0.0,0.0011641443538998,0.6383391540551029,0.0,0
xuxueli/xxl-job,0,1,0,0,1,1,1,1,1,20057,20057,8498,48,xuxueli/xxl-job,82.0,0.0,30.0,0.0,1694.0,802.0,1635.0,2437.0,88.0,265.0,353.0,0.0,342.0,xuxueli/xxl-job,2015-11-28 12:59:34,2323,0.0,0.0352991820921222,0.0,0.012914334911752,0.7292294446835988,0.0,0
ReactiveX/RxAndroid,0,1,0,1,0,1,1,1,0,19556,19556,3001,49,ReactiveX/RxAndroid,86.0,0.0,18.0,0.0,518.0,1.0,340.0,341.0,0.0,230.0,230.0,2.0,63.0,ReactiveX/RxAndroid,2014-08-19 03:46:38,2789,0.0,0.0308354248834707,0.0,0.0064539261384008,0.1857296522050914,0.0,0
libgdx/libgdx,0,1,0,1,0,1,1,1,0,19363,19363,6237,50,libgdx/libgdx,673.0,24479.0,8.0,3.0,14898.0,169.0,3283.0,3452.0,68.0,3214.0,3282.0,2.0,67.0,libgdx/libgdx,2012-08-10 19:34:38,3528,6.938492063492063,0.1907596371882086,0.0008503401360544,0.0022675736961451,4.2227891156462585,0.375,0
DrKLO/Telegram,0,1,0,1,0,0,1,0,0,18748,18748,6503,51,DrKLO/Telegram,19.0,0.0,30.0,0.0,439.0,0.0,0.0,0.0,211.0,310.0,521.0,0.0,10.0,DrKLO/Telegram,2013-10-25 14:08:10,3087,0.0,0.0061548428895367,0.0,0.0097181729834791,0.1422092646582442,0.0,1
google/ExoPlayer,0,1,0,1,1,0,1,0,0,18586,18586,5452,52,google/ExoPlayer,295.0,0.0,17.0,0.0,12924.0,534.0,8372.0,8906.0,26.0,1051.0,1077.0,12.0,56.0,google/ExoPlayer,2014-06-13 21:19:18,2856,0.0,0.1032913165266106,0.0,0.0059523809523809,4.525210084033613,0.0,0
didi/DoraemonKit,1,1,0,0,0,0,0,0,0,18261,18261,2697,53,didi/DoraemonKit,156.0,0.0,7.0,0.0,2167.0,146.0,461.0,607.0,17.0,368.0,385.0,0.0,208.0,didi/DoraemonKit,2018-08-14 10:32:07,1333,0.0,0.1170292573143285,0.0,0.005251312828207,1.625656414103526,0.0,0
apache/skywalking,0,1,0,1,0,1,1,0,0,18240,18240,5372,54,apache/skywalking,447.0,2042.0,30.0,12.0,6944.0,50.0,4045.0,4095.0,0.0,3930.0,3930.0,0.0,442.0,apache/skywalking,2015-11-07 03:30:36,2344,0.871160409556314,0.1906996587030716,0.0051194539249146,0.0127986348122866,2.962457337883959,0.4,0
square/picasso,0,1,0,1,0,1,0,0,0,18173,18173,4020,55,square/picasso,133.0,0.0,7.0,0.0,1482.0,192.0,1356.0,1548.0,24.0,697.0,721.0,1.0,19.0,square/picasso,2013-05-14 15:07:47,3251,0.0,0.0409104890802829,0.0,0.0021531836358043,0.4558597354660104,0.0,0
jenkinsci/jenkins,0,1,0,1,1,1,1,1,0,18168,18168,7119,56,jenkinsci/jenkins,1039.0,854.0,30.0,128.0,32153.0,0.0,0.0,0.0,70.0,6192.0,6262.0,0.0,37.0,jenkinsci/jenkins,2010-11-22 21:21:23,4155,0.2055354993983152,0.2500601684717208,0.0308062575210589,0.0072202166064981,7.738387484957882,4.266666666666667,0
Baseflow/PhotoView,0,1,0,1,0,1,1,0,0,18041,18041,3854,57,Baseflow/PhotoView,48.0,0.0,5.0,0.0,462.0,180.0,475.0,655.0,14.0,137.0,151.0,0.0,47.0,Baseflow/PhotoView,2012-07-17 16:39:00,3552,0.0,0.0135135135135135,0.0,0.0014076576576576,0.1300675675675675,0.0,1
alibaba/Sentinel,1,1,0,1,0,1,1,1,1,17967,17967,6320,58,alibaba/Sentinel,163.0,250270.0,19.0,22.0,733.0,370.0,1363.0,1733.0,122.0,666.0,788.0,1.0,41.0,alibaba/Sentinel,2018-04-04 06:37:33,1465,170.83276450511946,0.1112627986348122,0.0150170648464163,0.0129692832764505,0.5003412969283276,1.1578947368421053,0
redisson/redisson,1,1,0,1,0,0,1,0,0,17895,17895,4340,59,redisson/redisson,156.0,0.0,30.0,0.0,7150.0,247.0,3456.0,3703.0,27.0,428.0,455.0,0.0,462.0,redisson/redisson,2014-01-11 14:06:25,3009,0.0,0.0518444666001994,0.0,0.0099700897308075,2.376204719175806,0.0,0
bazelbuild/bazel,0,1,0,0,0,0,1,1,0,17719,17719,3185,60,bazelbuild/bazel,902.0,3257.0,30.0,900.0,32044.0,2280.0,7250.0,9530.0,185.0,4696.0,4881.0,3.0,48.0,bazelbuild/bazel,2014-06-12 16:00:38,2857,1.1400070003500176,0.3157157857892894,0.3150157507875393,0.0105005250262513,11.215960798039902,30.0,0
CarGuo/GSYVideoPlayer,1,1,0,0,1,1,1,0,0,16907,16907,3724,62,CarGuo/GSYVideoPlayer,20.0,42636.0,30.0,30.0,1404.0,14.0,3281.0,3295.0,0.0,46.0,46.0,1.0,424.0,CarGuo/GSYVideoPlayer,2016-11-13 12:34:31,1972,21.620689655172413,0.0101419878296146,0.0152129817444219,0.0152129817444219,0.7119675456389453,1.0,1
facebook/fresco,0,1,0,1,0,1,1,0,0,16706,16706,3764,65,facebook/fresco,384.0,1332.0,30.0,10.0,3144.0,164.0,2058.0,2222.0,12.0,392.0,404.0,0.0,62.0,facebook/fresco,2015-03-02 09:58:04,2594,0.5134926754047803,0.1480339244410177,0.0038550501156515,0.0115651503469545,1.2120277563608326,0.3333333333333333,0
linlinjava/litemall,1,1,0,0,1,1,1,0,0,16579,16579,6585,66,linlinjava/litemall,66.0,0.0,8.0,0.0,1151.0,24.0,312.0,336.0,3.0,160.0,163.0,0.0,68.0,linlinjava/litemall,2018-03-22 16:42:30,1478,0.0,0.0446549391069012,0.0,0.0054127198917456,0.7787550744248986,0.0,0
oracle/graal,1,1,0,0,0,1,1,0,0,16229,16229,1252,67,oracle/graal,351.0,246679.0,30.0,83.0,63960.0,756.0,2113.0,2869.0,89.0,1310.0,1399.0,0.0,71.0,oracle/graal,2016-01-14 17:11:35,2276,108.38268892794376,0.1542179261862917,0.0364674868189806,0.0131810193321616,28.10193321616872,2.7666666666666666,0
TeamNewPipe/NewPipe,0,1,0,1,0,1,1,1,0,15651,15651,1945,73,TeamNewPipe/NewPipe,883.0,5150984.0,30.0,30.0,9666.0,1021.0,5290.0,6311.0,33.0,1510.0,1543.0,4.0,125.0,TeamNewPipe/NewPipe,2015-09-03 23:39:26,2409,2138.2249896222497,0.3665421336654213,0.012453300124533,0.012453300124533,4.012453300124533,1.0,0
winterbe/java8-tutorial,0,1,0,1,0,0,1,0,0,15256,15256,3715,74,winterbe/java8-tutorial,12.0,0.0,2.0,0.0,149.0,0.0,0.0,0.0,0.0,44.0,44.0,0.0,41.0,winterbe/java8-tutorial,2014-03-16 17:25:43,2945,0.0,0.0040747028862478,0.0,0.0006791171477079,0.0505942275042444,0.0,1
android10/Android-CleanArchitecture,0,1,0,1,0,1,1,0,0,15057,15057,3337,75,android10/Android-CleanArchitecture,12.0,0.0,2.0,0.0,248.0,127.0,122.0,249.0,16.0,41.0,57.0,0.0,20.0,android10/Android-CleanArchitecture,2014-08-19 14:09:26,2789,0.0,0.0043026174256005,0.0,0.0007171029042667,0.0889207601290785,0.0,1
openzipkin/zipkin,1,1,0,1,0,0,1,0,0,14931,14931,2835,76,openzipkin/zipkin,124.0,404.0,30.0,1.0,2688.0,162.0,1083.0,1245.0,16.0,2120.0,2136.0,4.0,85.0,openzipkin/zipkin,2012-06-06 18:26:16,3593,0.1124408572223768,0.0345115502365711,0.0002783189535207,0.008349568605622,0.748121347063735,0.0333333333333333,0
apache/shardingsphere,1,1,0,1,1,0,1,1,0,14921,14921,5197,77,apache/shardingsphere,467.0,0.0,2.0,0.0,32179.0,378.0,6065.0,6443.0,20.0,9344.0,9364.0,1.0,265.0,apache/shardingsphere,2016-01-18 12:49:26,2272,0.0,0.2055457746478873,0.0,0.0008802816901408,14.163292253521126,0.0,0
JeffLi1993/springboot-learning-example,1,0,0,0,0,0,1,0,0,14595,14595,6898,78,JeffLi1993/springboot-learning-example,7.0,0.0,2.0,0.0,167.0,12.0,63.0,75.0,37.0,20.0,57.0,0.0,82.0,JeffLi1993/springboot-learning-example,2017-02-06 07:02:25,1887,0.0,0.003709591944886,0.0,0.0010598834128245,0.0885002649708532,0.0,1
hdodenhof/CircleImageView,1,1,0,1,1,1,0,0,0,14090,14090,3083,79,hdodenhof/CircleImageView,15.0,0.0,2.0,0.0,159.0,13.0,351.0,364.0,2.0,55.0,57.0,0.0,39.0,hdodenhof/CircleImageView,2014-01-17 16:44:46,3003,0.0,0.0049950049950049,0.0,0.0006660006660006,0.0529470529470529,0.0,1
dyc87112/SpringBoot-Learning,1,0,0,0,0,0,0,0,0,13869,13869,4533,80,dyc87112/SpringBoot-Learning,3.0,0.0,2.0,0.0,495.0,34.0,13.0,47.0,29.0,3.0,32.0,0.0,166.0,dyc87112/SpringBoot-Learning,2016-08-21 03:39:06,2056,0.0,0.0014591439688715,0.0,0.0009727626459143,0.2407587548638132,0.0,1
lgvalle/Material-Animations,1,1,0,1,0,0,1,0,1,13585,13585,2541,81,lgvalle/Material-Animations,10.0,0.0,2.0,0.0,76.0,13.0,27.0,40.0,5.0,19.0,24.0,0.0,21.0,lgvalle/Material-Animations,2015-03-08 20:54:00,2588,0.0,0.0038639876352395,0.0,0.0007727975270479,0.0293663060278207,0.0,1
alibaba/ARouter,1,1,0,1,0,1,1,0,0,13565,13565,2385,82,alibaba/ARouter,26.0,0.0,2.0,0.0,300.0,68.0,771.0,839.0,9.0,136.0,145.0,0.0,71.0,alibaba/ARouter,2016-12-14 01:27:49,1941,0.0,0.0133951571354971,0.0,0.0010303967027305,0.1545595054095827,0.0,1
Tencent/QMUI_Android,1,1,0,1,0,0,1,0,0,13309,13309,2539,83,Tencent/QMUI_Android,21.0,0.0,2.0,0.0,942.0,400.0,694.0,1094.0,2.0,37.0,39.0,0.0,12.0,Tencent/QMUI_Android,2017-04-21 10:03:18,1813,0.0,0.0115830115830115,0.0,0.0011031439602868,0.519580805295091,0.0,1
material-components/material-components-android,0,1,0,1,0,0,1,1,0,13092,13092,2564,84,material-components/material-components-android,204.0,7865.0,30.0,28.0,4414.0,433.0,1736.0,2169.0,41.0,343.0,384.0,1.0,24.0,material-components/material-components-android,2016-12-05 16:11:29,1950,4.033333333333333,0.1046153846153846,0.0143589743589743,0.0153846153846153,2.263589743589744,0.9333333333333332,0
orhanobut/logger,0,1,0,1,0,1,0,0,0,13072,13072,2069,85,orhanobut/logger,15.0,295.0,16.0,1.0,146.0,62.0,134.0,196.0,11.0,51.0,62.0,0.0,51.0,orhanobut/logger,2015-03-20 22:30:12,2576,0.1145186335403726,0.0058229813664596,0.0003881987577639,0.0062111801242236,0.0566770186335403,0.0625,1
Anuken/Mindustry,1,1,0,1,0,0,1,1,0,13032,13032,1788,86,Anuken/Mindustry,475.0,66801.0,30.0,60.0,12934.0,1.0,2906.0,2907.0,140.0,3454.0,3594.0,2.0,78.0,Anuken/Mindustry,2017-04-30 01:24:29,1804,37.02937915742794,0.2633037694013304,0.0332594235033259,0.0166297117516629,7.169623059866963,2.0,0
medcl/elasticsearch-analysis-ik,1,1,0,1,1,0,1,0,0,13020,13020,2854,87,medcl/elasticsearch-analysis-ik,39.0,123547.0,30.0,30.0,258.0,319.0,513.0,832.0,15.0,83.0,98.0,6.0,83.0,medcl/elasticsearch-analysis-ik,2011-12-16 09:01:45,3766,32.80589484864578,0.0103558151885289,0.0079660116834838,0.0079660116834838,0.0685077004779607,1.0,1
Bigkoo/Android-PickerView,1,1,0,1,1,1,1,0,0,12984,12984,3340,88,Bigkoo/Android-PickerView,23.0,0.0,2.0,0.0,490.0,399.0,528.0,927.0,19.0,58.0,77.0,0.0,159.0,Bigkoo/Android-PickerView,2014-12-28 01:46:38,2658,0.0,0.0086531226486079,0.0,0.000752445447705,0.1843491346877351,0.0,1
iBotPeaches/Apktool,1,1,0,0,0,1,1,0,0,12926,12926,2920,89,iBotPeaches/Apktool,102.0,332782.0,15.0,14.0,1860.0,74.0,2328.0,2402.0,5.0,319.0,324.0,0.0,30.0,iBotPeaches/Apktool,2012-03-19 17:46:53,3672,90.6269063180828,0.0277777777777777,0.0038126361655773,0.0040849673202614,0.5065359477124183,0.9333333333333332,0
prestodb/presto,0,1,0,1,1,0,1,0,0,12921,12921,4392,90,prestodb/presto,683.0,0.0,2.0,0.0,19669.0,919.0,3971.0,4890.0,259.0,12200.0,12459.0,0.0,37.0,prestodb/presto,2012-08-09 01:03:37,3529,0.0,0.1935392462453952,0.0,0.0005667327854916,5.57353357891754,0.0,0
YunaiV/SpringBoot-Labs,1,1,0,0,0,0,1,0,0,12638,12638,4139,91,YunaiV/SpringBoot-Labs,5.0,0.0,2.0,0.0,674.0,21.0,15.0,36.0,6.0,11.0,17.0,0.0,157.0,YunaiV/SpringBoot-Labs,2018-09-12 14:51:46,1304,0.0,0.0038343558282208,0.0,0.0015337423312883,0.5168711656441718,0.0,1
android-hacker/VirtualXposed,1,1,0,1,0,1,1,0,0,12591,12591,2194,92,android-hacker/VirtualXposed,58.0,4075485.0,30.0,52.0,1648.0,94.0,903.0,997.0,4.0,64.0,68.0,0.0,58.0,android-hacker/VirtualXposed,2017-12-01 09:00:58,1589,2564.811202013845,0.0365009439899307,0.0327249842668344,0.0188797986154814,1.0371302706104468,1.7333333333333334,0
eclipse-vertx/vert.x,0,1,0,1,0,0,1,0,0,12525,12525,1867,93,eclipse-vertx/vert.x,229.0,0.0,2.0,0.0,5270.0,176.0,2161.0,2337.0,67.0,1890.0,1957.0,0.0,20.0,eclipse-vertx/vert.x,2011-06-17 14:54:55,3948,0.0,0.0580040526849037,0.0,0.0005065856129685,1.334853090172239,0.0,0
Tencent/APIJSON,1,1,0,0,0,1,1,0,0,12483,12483,1598,94,Tencent/APIJSON,49.0,240.0,30.0,11.0,2669.0,132.0,154.0,286.0,8.0,74.0,82.0,1.0,1023.0,Tencent/APIJSON,2016-11-21 12:03:29,1964,0.1221995926680244,0.0249490835030549,0.0056008146639511,0.015274949083503,1.3589613034623218,0.3666666666666666,0
justauth/JustAuth,1,1,0,0,0,0,1,0,0,12479,12479,2227,95,justauth/JustAuth,34.0,71.0,30.0,14.0,690.0,21.0,52.0,73.0,0.0,63.0,63.0,0.0,197.0,justauth/JustAuth,2019-01-31 09:42:20,1163,0.0610490111779879,0.0292347377472055,0.0120378331900257,0.0257953568357695,0.5932932072227,0.4666666666666667,0
greenrobot/greenDAO,0,1,0,1,0,0,1,0,0,12466,12466,2877,96,greenrobot/greenDAO,11.0,0.0,8.0,0.0,883.0,194.0,769.0,963.0,46.0,81.0,127.0,1.0,73.0,greenrobot/greenDAO,2011-10-22 16:15:14,3821,0.0,0.0028788275320596,0.0,0.0020936927505888,0.2310913373462444,0.0,1
mockito/mockito,0,1,0,1,1,0,1,0,0,12417,12417,2195,97,mockito/mockito,286.0,0.0,30.0,0.0,5726.0,301.0,1012.0,1313.0,9.0,1263.0,1272.0,2.0,106.0,mockito/mockito,2012-10-13 20:27:12,3464,0.0,0.0825635103926097,0.0,0.0086605080831408,1.6530023094688222,0.0,0
facebook/stetho,0,1,0,1,0,1,1,1,0,12416,12416,1143,98,facebook/stetho,58.0,57158.0,13.0,79.0,588.0,62.0,314.0,376.0,18.0,301.0,319.0,3.0,40.0,facebook/stetho,2015-01-22 22:34:10,2633,21.708317508545385,0.0220281048233953,0.0300037979491074,0.0049373338397265,0.2233194075199392,6.076923076923077,0
arduino/Arduino,0,0,0,1,0,1,1,0,0,12266,12266,6938,99,arduino/Arduino,317.0,41388.0,30.0,51.0,7371.0,775.0,9027.0,9802.0,106.0,1367.0,1473.0,1.0,19.0,arduino/Arduino,2010-09-17 19:10:36,4221,9.805259417199716,0.0751006870409855,0.0120824449182658,0.0071073205401563,1.7462686567164178,1.7,0
ppamorim/RecyclerRenderers,0,0,0,1,0,1,1,0,0,99,99,15,198,ppamorim/RecyclerRenderers,1.0,0.0,13.0,0.0,65.0,0.0,3.0,3.0,0.0,6.0,6.0,0.0,25.0,ppamorim/RecyclerRenderers,2015-04-22 04:19:40,2543,0.0,0.0003932363350373,0.0,0.0051120723554856,0.0255603617774282,0.0,1
ShaishavGandhi/LoginButtons,1,1,0,1,0,1,1,0,0,98,98,33,197,ShaishavGandhi/LoginButtons,4.0,0.0,4.0,0.0,43.0,4.0,5.0,9.0,0.0,8.0,8.0,0.0,10.0,ShaishavGandhi/LoginButtons,2016-08-16 02:03:34,2061,0.0,0.0019408054342552,0.0,0.0019408054342552,0.0208636584182435,0.0,1
Vanish136/FamilyChat,1,0,0,0,1,0,0,0,0,94,94,29,193,Vanish136/FamilyChat,3.0,0.0,5.0,0.0,197.0,0.0,3.0,3.0,0.0,0.0,0.0,0.0,26.0,Vanish136/FamilyChat,2016-08-07 10:21:57,2070,0.0,0.0014492753623188,0.0,0.002415458937198,0.0951690821256038,0.0,1
kyze8439690/AndroidVoiceAnimation,0,1,0,1,0,0,0,0,0,92,92,24,191,kyze8439690/AndroidVoiceAnimation,1.0,927.0,1.0,1.0,5.0,1.0,0.0,1.0,0.0,0.0,0.0,0.0,3.0,kyze8439690/AndroidVoiceAnimation,2014-03-24 08:41:22,2937,0.3156281920326864,0.0003404834865509,0.0003404834865509,0.0003404834865509,0.0017024174327545,1.0,1
JayFang1993/DragImageView,1,1,0,1,0,1,0,0,0,89,89,18,188,JayFang1993/DragImageView,2.0,0.0,1.0,0.0,14.0,0.0,0.0,0.0,0.0,0.0,0.0,0.0,8.0,JayFang1993/DragImageView,2015-10-13 08:42:47,2369,0.0,0.0008442380751371,0.0,0.0004221190375685,0.0059096665259603,0.0,1
kelinZhou/Banner,1,0,0,1,0,1,0,0,0,88,88,18,187,kelinZhou/Banner,4.0,0.0,27.0,0.0,94.0,0.0,0.0,0.0,0.0,0.0,0.0,1.0,42.0,kelinZhou/Banner,2017-08-08 03:43:01,1704,0.0,0.0023474178403755,0.0,0.0158450704225352,0.0551643192488262,0.0,1
Harlber/Moose,0,0,0,1,0,1,0,0,1,82,82,25,181,Harlber/Moose,9.0,137.0,5.0,5.0,420.0,0.0,36.0,36.0,0.0,23.0,23.0,0.0,26.0,Harlber/Moose,2015-08-13 15:44:06,2430,0.0563786008230452,0.0037037037037037,0.0020576131687242,0.0020576131687242,0.1728395061728395,1.0,1
scottyab/ssl-pin-generator,0,1,0,1,0,1,1,0,0,81,81,31,180,scottyab/ssl-pin-generator,2.0,1097.0,2.0,2.0,13.0,0.0,0.0,0.0,0.0,0.0,0.0,0.0,7.0,scottyab/ssl-pin-generator,2014-11-07 09:45:00,2709,0.4049464747139166,0.0007382798080472,0.0007382798080472,0.0007382798080472,0.0047988187523071,1.0,1
Hotel-Reservation-Service/FillTheForm,1,1,0,1,0,1,0,0,0,80,80,22,179,Hotel-Reservation-Service/FillTheForm,4.0,0.0,3.0,0.0,28.0,4.0,11.0,15.0,0.0,11.0,11.0,0.0,9.0,Hotel-Reservation-Service/FillTheForm,2015-12-07 20:28:36,2314,0.0,0.0017286084701815,0.0,0.0012964563526361,0.0121002592912705,0.0,1
zhongbaitu/WaveLoadingView,1,0,0,0,0,1,0,0,0,79,79,32,178,zhongbaitu/WaveLoadingView,1.0,0.0,1.0,0.0,6.0,1.0,3.0,4.0,0.0,0.0,0.0,0.0,4.0,zhongbaitu/WaveLoadingView,2014-10-14 16:48:56,2733,0.0,0.000365898280278,0.0,0.000365898280278,0.0021953896816684,0.0,1
Jefferson-Henrique/GetOldTweets-java,0,0,0,1,0,0,1,0,0,77,77,47,176,Jefferson-Henrique/GetOldTweets-java,2.0,0.0,3.0,0.0,39.0,0.0,0.0,0.0,0.0,0.0,0.0,0.0,16.0,Jefferson-Henrique/GetOldTweets-java,2015-02-01 19:53:31,2623,0.0,0.000762485703393,0.0,0.0011437285550895,0.0148684712161646,0.0,1
PrashamTrivedi/AndroidExternalFileWriter,0,0,0,1,0,1,0,0,0,70,70,13,169,PrashamTrivedi/AndroidExternalFileWriter,3.0,0.0,3.0,0.0,51.0,0.0,0.0,0.0,0.0,0.0,0.0,0.0,8.0,PrashamTrivedi/AndroidExternalFileWriter,2013-08-01 06:41:38,3172,0.0,0.0009457755359394,0.0,0.0009457755359394,0.0160781841109709,0.0,1
ZapBlasterson/crushpaper,0,1,0,1,0,1,1,0,0,59,59,5,158,ZapBlasterson/crushpaper,1.0,83.0,4.0,5.0,137.0,0.0,0.0,0.0,0.0,0.0,0.0,0.0,4.0,ZapBlasterson/crushpaper,2015-05-01 02:47:53,2534,0.0327545382794001,0.000394632991318,0.0019731649565903,0.0015785319652722,0.0540647198105761,1.25,1
xiprox/Hummingbird-for-Android,0,1,0,1,1,1,0,0,0,58,58,18,157,xiprox/Hummingbird-for-Android,2.0,442.0,1.0,1.0,181.0,0.0,0.0,0.0,0.0,0.0,0.0,0.0,2.0,xiprox/Hummingbird-for-Android,2014-10-23 21:25:20,2724,0.1622613803230543,0.000734214390602,0.000367107195301,0.000367107195301,0.066446402349486,1.0,1
nlpie/biomedicus,1,1,0,1,1,1,1,0,0,45,45,10,144,nlpie/biomedicus,5.0,177.0,7.0,14.0,333.0,0.0,0.0,0.0,0.0,0.0,0.0,0.0,23.0,nlpie/biomedicus,2016-02-05 17:09:58,2254,0.0785270629991126,0.0022182786157941,0.0062111801242236,0.0031055900621118,0.14773735581189,2.0,1
codeclou/kitchen-duty-plugin-for-atlassian-jira,0,1,0,0,0,1,1,0,0,43,43,16,142,codeclou/kitchen-duty-plugin-for-atlassian-jira,2.0,0.0,5.0,0.0,57.0,0.0,7.0,7.0,0.0,2.0,2.0,0.0,14.0,codeclou/kitchen-duty-plugin-for-atlassian-jira,2015-11-01 09:38:56,2350,0.0,0.0008510638297872,0.0,0.002127659574468,0.0242553191489361,0.0,1
McoyJiang/McoySnap,1,0,0,1,1,0,0,0,0,37,37,6,136,McoyJiang/McoySnap,1.0,0.0,2.0,0.0,17.0,2.0,0.0,2.0,0.0,0.0,0.0,0.0,12.0,McoyJiang/McoySnap,2016-07-08 07:01:08,2100,0.0,0.0004761904761904,0.0,0.0009523809523809,0.008095238095238,0.0,1
popeen/Booksonic-LegacyServer,0,1,0,1,0,1,1,1,0,34,34,18,133,popeen/Booksonic-LegacyServer,6.0,4788.0,6.0,13.0,92.0,0.0,0.0,0.0,0.0,0.0,0.0,0.0,6.0,popeen/Booksonic-LegacyServer,2015-10-15 13:18:50,2367,2.022813688212928,0.0025348542458808,0.0054921841994085,0.0025348542458808,0.0388677651035065,2.1666666666666665,1
petablox/petablox,0,0,0,1,0,0,1,0,0,32,32,6,131,petablox/petablox,29.0,234.0,1.0,1.0,303.0,16.0,8.0,24.0,0.0,6.0,6.0,0.0,13.0,petablox/petablox,2015-12-19 21:20:56,2302,0.101650738488271,0.0125977410947002,0.0004344048653344,0.0004344048653344,0.131624674196351,1.0,1
amatkivskiy/MaterialDrawer-Xamarin,0,0,0,1,0,0,1,0,0,22,22,10,121,amatkivskiy/MaterialDrawer-Xamarin,2.0,37.0,4.0,8.0,43.0,0.0,8.0,8.0,0.0,2.0,2.0,0.0,8.0,amatkivskiy/MaterialDrawer-Xamarin,2015-05-12 12:31:01,2523,0.0146650812524772,0.0007927070947284,0.0031708283789139,0.0015854141894569,0.0170432025366627,2.0,1
dhatim/dropwizard-metrics-elasticsearch,0,1,0,1,0,0,0,0,0,11,11,2,110,dhatim/dropwizard-metrics-elasticsearch,4.0,0.0,3.0,0.0,65.0,1.0,1.0,2.0,0.0,7.0,7.0,0.0,11.0,dhatim/dropwizard-metrics-elasticsearch,2015-10-14 15:42:04,2368,0.0,0.0016891891891891,0.0,0.0012668918918918,0.0274493243243243,0.0,1
alexanderlz/jenkins-pagerduty-plugin,0,1,0,1,1,0,1,0,0,9,9,22,108,alexanderlz/jenkins-pagerduty-plugin,17.0,35.0,5.0,5.0,171.0,6.0,22.0,28.0,1.0,29.0,30.0,0.0,9.0,alexanderlz/jenkins-pagerduty-plugin,2015-09-16 21:20:28,2396,0.0146076794657762,0.0070951585976627,0.0020868113522537,0.0020868113522537,0.0713689482470784,1.0,1
